Produto;Data do Pedido;Quantidade
Papel A4;Wednesday, 2 de May de 2007;28
Papel A4;Wednesday, 2 de May de 2007;21
Papel A4;Wednesday, 2 de May de 2007;36
Caneta Vermelha;Sunday, 1 de July de 2007;33
Caneta Vermelha;Sunday, 1 de July de 2007;11
Caneta Vermelha;Sunday, 1 de July de 2007;4
Caneta Vermelha;Sunday, 1 de July de 2007;10
Caneta Vermelha;Sunday, 1 de July de 2007;9
Caneta Preta;Thursday, 5 de July de 2007;23
Caneta Preta;Thursday, 5 de July de 2007;47
Caneta Preta;Thursday, 5 de July de 2007;29
Caneta Preta;Thursday, 5 de July de 2007;12
Caneta Preta;Thursday, 5 de July de 2007;14
Caneta Preta;Thursday, 5 de July de 2007;18
Caneta Preta;Thursday, 5 de July de 2007;40
Caneta Preta;Thursday, 5 de July de 2007;33
Caneta Azul;Sunday, 15 de July de 2007;39
Caneta Azul;Sunday, 15 de July de 2007;27
Caneta Azul;Sunday, 15 de July de 2007;10
Caneta Azul;Sunday, 15 de July de 2007;23
Caneta Azul;Sunday, 15 de July de 2007;35
Caneta Azul;Sunday, 15 de July de 2007;11
Caneta Azul;Sunday, 15 de July de 2007;32
Caneta Azul;Sunday, 15 de July de 2007;38
Borracha;Friday, 16 de May de 2008;48
Borracha;Friday, 16 de May de 2008;41
Borracha;Friday, 16 de May de 2008;50
Borracha;Friday, 16 de May de 2008;29
Borracha;Friday, 16 de May de 2008;12
Borracha;Friday, 16 de May de 2008;44
Fita adesiva;Tuesday, 17 de June de 2008;3
Fita adesiva;Tuesday, 17 de June de 2008;4
Fita adesiva;Tuesday, 17 de June de 2008;5
Lapiseira;Tuesday, 13 de May de 2008;18
Lapiseira;Tuesday, 13 de May de 2008;12
Lapiseira;Tuesday, 13 de May de 2008;5
Apagador;Sunday, 1 de June de 2008;46
Apagador;Sunday, 1 de June de 2008;30
Apagador;Sunday, 1 de June de 2008;1
Apagador;Sunday, 1 de June de 2008;20
Apagador;Sunday, 1 de June de 2008;48
Apagador;Sunday, 1 de June de 2008;15
Apagador;Sunday, 1 de June de 2008;14
Apagador;Sunday, 1 de June de 2008;40
Marca texto;Tuesday, 20 de May de 2008;13
Marca texto;Tuesday, 20 de May de 2008;7
